{"cameraMode":{"drawMode":0,"name":"Shaded","section":"Shading Mode"},"sceneLighting":true,"audioPlay":false,"sceneViewState":{"showFog":true,"showMaterialUpdate":false,"showSkybox":true,"showFlares":true,"showImageEffects":true,"showParticleSystems":true},"in2DMode":false,"pivot":{"x":-0.2894095182418823,"y":11.106585502624512,"z":6.414424896240234},"rotation":{"x":0.16719551384449006,"y":-0.013309610076248646,"z":0.002257233252748847,"w":0.9858318567276001},"size":32.17836380004883,"orthographic":false}